{"cameraMode":{"drawMode":0,"name":"Shaded","section":"Shading Mode"},"sceneLighting":false,"audioPlay":false,"sceneViewState":{"m_AlwaysRefresh":false,"showFog":true,"showSkybox":false,"showFlares":true,"showImageEffects":true,"showParticleSystems":true,"showVisualEffectGraphs":true,"m_FxEnabled":true},"in2DMode":false,"pivot":{"x":-1.1959848403930665,"y":0.9536625146865845,"z":13.359759330749512},"rotation":{"x":-0.026829753071069719,"y":0.11102613806724549,"z":-0.002998526208102703,"w":-0.9934521913528442},"size":1.5479594469070435,"orthographic":false}